{
    "1": 0.058823529411764705,
    "2": 0.15625,
    "3": 0.21428571428571427,
    "4": 1.0,
    "5": 0.13186813186813187,
    "CER medio": 0.2976190476190476
}