{
    "1": 2.1944444444444446,
    "2": 1.7560975609756098,
    "3": 4.425,
    "4": 0.12380952380952381,
    "5": 18.63157894736842,
    "6": 2.5,
    "7": 2.8095238095238093,
    "8": 1.0,
    "CER medio": 2.4109652612039247
}