{
    "1": 0.3088235294117647,
    "2": 2.09375,
    "3": 1.2976190476190477,
    "4": 0.9508196721311475,
    "5": 1.2527472527472527,
    "CER medio": 1.0982142857142858
}