{
    "1": 8.527777777777779,
    "2": 10.682926829268293,
    "3": 3.125,
    "4": 0.26666666666666666,
    "5": 36.26315789473684,
    "6": 3.025,
    "7": 4.357142857142857,
    "8": 0.8210526315789474,
    "CER medio": 4.719636701140281
}