{
    "1": 0.8333333333333334,
    "2": 1.6341463414634145,
    "3": 0.925,
    "4": 0.19047619047619047,
    "5": 1.9473684210526316,
    "6": 2.225,
    "7": 2.4047619047619047,
    "8": 0.4421052631578947,
    "CER medio": 1.011535401750199
}