{
    "1": 2.9,
    "2": 2.951219512195122,
    "3": 5.214285714285714,
    "4": 1.0,
    "5": 33.37894736842105,
    "CER medio": 9.351247165532879
}