{
    "1": 0.13953488372093023,
    "2": 16.071428571428573,
    "3": 1.8867924528301887,
    "4": 0.819672131147541,
    "5": 0.2857142857142857,
    "6": 0.9753086419753086,
    "7": 0.29333333333333333,
    "8": 0.9104477611940298,
    "9": 2.238095238095238,
    "CER medio": 1.232902033271719
}