{
    "1": 0.8333333333333334,
    "2": 1.2195121951219512,
    "3": 3.675,
    "4": 0.13333333333333333,
    "5": 1.7894736842105263,
    "6": 1.45,
    "7": 3.5238095238095237,
    "8": 0.45263157894736844,
    "CER medio": 1.2525855210819412
}