{
    "1": 15.75,
    "2": 5.512195121951219,
    "3": 2.475,
    "4": 0.19047619047619047,
    "5": 16.63157894736842,
    "6": 5.3,
    "7": 3.642857142857143,
    "8": 1.0736842105263158,
    "CER medio": 4.082935560859188
}