{
    "1": 0.10294117647058823,
    "2": 1.0,
    "3": 0.16666666666666666,
    "4": 1.0,
    "5": 0.3076923076923077,
    "CER medio": 0.4226190476190476
}