{
    "1": 0.25384615384615383,
    "2": 0.7723577235772358,
    "3": 0.42857142857142855,
    "4": 0.28125,
    "5": 0.631578947368421,
    "CER medio": 0.4949066806209663
}