{
    "1": 0.9307692307692308,
    "2": 0.959349593495935,
    "3": 0.8571428571428571,
    "4": 0.625,
    "5": 0.9473684210526315,
    "CER medio": 0.8932670504099075
}