{
    "1": 0.4230769230769231,
    "2": 0.17073170731707318,
    "3": 0.32142857142857145,
    "4": 0.125,
    "5": 0.2,
    "CER medio": 0.2549276120704692
}