{
    "1": 0.9461538461538461,
    "2": 0.6585365853658537,
    "3": 0.8571428571428571,
    "4": 0.5,
    "5": 0.14736842105263157,
    "CER medio": 0.6234606663178092
}