{
    "1": 0.3023255813953488,
    "2": 13.214285714285714,
    "3": 1.7358490566037736,
    "4": 1.8360655737704918,
    "5": 0.6857142857142857,
    "6": 1.3209876543209877,
    "7": 1.8133333333333332,
    "8": 3.4925373134328357,
    "9": 12.119047619047619,
    "CER medio": 2.698706099815157
}