{
    "1": 0.0,
    "10": 1.0,
    "11": 0.05,
    "12": 0.35172413793103446,
    "13": 0.22988505747126436,
    "2": 0.0625,
    "3": 0.5384615384615384,
    "4": 0.043478260869565216,
    "5": 0.2890625,
    "6": 0.025,
    "7": 0.75,
    "8": 0.9347826086956522,
    "9": 0.7209302325581395,
    "CER medio": 0.3842941796913226
}