{
    "1": 2.0833333333333335,
    "2": 0.9024390243902439,
    "3": 1.675,
    "4": 0.11428571428571428,
    "5": 2.6842105263157894,
    "6": 2.125,
    "7": 3.1904761904761907,
    "8": 0.14736842105263157,
    "CER medio": 1.1386237072394592
}