{
    "1": 0.7906976744186046,
    "2": 55.07142857142857,
    "3": 16.9811320754717,
    "4": 3.721311475409836,
    "5": 0.3142857142857143,
    "6": 5.493827160493828,
    "7": 11.213333333333333,
    "8": 6.059701492537314,
    "9": 26.88095238095238,
    "CER medio": 8.846580406654343
}