{
    "1": 7.264705882352941,
    "2": 16.625,
    "3": 4.0,
    "4": 35.36065573770492,
    "5": 5.857142857142857,
    "CER medio": 12.05952380952381
}