{
    "1": 4.095238095238095,
    "2": 38.121212121212125,
    "3": 16.149532710280372,
    "4": 11.455555555555556,
    "5": 6.5875,
    "CER medio": 12.850522026992614
}