{
    "1": 1.0147058823529411,
    "2": 2.71875,
    "3": 1.1547619047619047,
    "4": 0.9672131147540983,
    "5": 1.043956043956044,
    "CER medio": 1.2113095238095237
}