{
    "1": 0.5294117647058824,
    "2": 5.0625,
    "3": 0.6785714285714286,
    "4": 2.098360655737705,
    "5": 3.32967032967033,
    "CER medio": 2.0416666666666665
}