{
    "1": 0.7441860465116279,
    "2": 19.714285714285715,
    "3": 1.4150943396226414,
    "4": 6.39344262295082,
    "5": 10.952380952380953,
    "6": 1.4320987654320987,
    "7": 7.28,
    "8": 2.3134328358208953,
    "9": 19.38095238095238,
    "CER medio": 6.569316081330869
}