{
    "1": 0.9365079365079365,
    "2": 6.333333333333333,
    "3": 3.205607476635514,
    "4": 0.8444444444444444,
    "5": 1.975,
    "CER medio": 2.26186232068585
}