{
    "1": 2.5396825396825395,
    "2": 12.0,
    "3": 7.616822429906542,
    "4": 2.411111111111111,
    "5": 2.4625,
    "CER medio": 4.779517867753161
}