{
    "1": 0.13953488372093023,
    "2": 8.571428571428571,
    "3": 1.3396226415094339,
    "4": 2.7868852459016393,
    "5": 0.6571428571428571,
    "6": 1.0617283950617284,
    "7": 5.773333333333333,
    "8": 2.014925373134328,
    "9": 7.238095238095238,
    "CER medio": 2.5767097966728283
}