{
    "1": 1.0,
    "2": 0.6363636363636364,
    "3": 0.38317757009345793,
    "4": 1.0,
    "5": 0.05,
    "CER medio": 0.5882352941176471
}