{
    "1": 0.8846153846153846,
    "2": 0.943089430894309,
    "3": 0.5714285714285714,
    "4": 0.890625,
    "5": 13.51578947368421,
    "CER medio": 3.602912960055817
}