{
    "1": 0.16279069767441862,
    "2": 23.428571428571427,
    "3": 2.8679245283018866,
    "4": 1.2459016393442623,
    "5": 1.5238095238095237,
    "6": 1.1358024691358024,
    "7": 2.066666666666667,
    "8": 3.1641791044776117,
    "9": 8.714285714285714,
    "CER medio": 2.8613678373382623
}