{
    "1": 0.8611111111111112,
    "2": 0.8536585365853658,
    "3": 0.95,
    "4": 0.3142857142857143,
    "5": 0.3684210526315789,
    "6": 1.275,
    "7": 1.8095238095238095,
    "8": 0.7578947368421053,
    "CER medio": 0.8206709095730574
}