{
    "1": 0.9444444444444444,
    "2": 1.0,
    "3": 1.4,
    "4": 0.23809523809523808,
    "5": 1.9473684210526316,
    "6": 1.05,
    "7": 1.6428571428571428,
    "8": 0.3263157894736842,
    "CER medio": 0.8017767170511801
}