{
    "1": 0.3023255813953488,
    "2": 9.214285714285714,
    "3": 2.7547169811320753,
    "4": 2.377049180327869,
    "5": 0.9523809523809523,
    "6": 1.2839506172839505,
    "7": 0.26666666666666666,
    "8": 2.029850746268657,
    "9": 8.785714285714286,
    "CER medio": 2.147874306839187
}