{
    "1": 6.063492063492063,
    "2": 37.78787878787879,
    "3": 20.869158878504674,
    "4": 15.21111111111111,
    "5": 13.1,
    "CER medio": 16.804982599100246
}