{
    "1": 1.0,
    "2": 0.5454545454545454,
    "3": 0.3644859813084112,
    "4": 1.0,
    "5": 0.0625,
    "CER medio": 0.5775401069518716
}