{
    "1": 0.9047619047619048,
    "2": 0.9696969696969697,
    "3": 2.0186915887850465,
    "4": 0.8222222222222222,
    "5": 1.1125,
    "CER medio": 1.2537560478736949
}