{
    "1": 0.3769230769230769,
    "2": 1.2439024390243902,
    "3": 5.214285714285714,
    "4": 1.015625,
    "5": 5.768421052631579,
    "CER medio": 2.179993022850166
}