{
    "1": 0.27906976744186046,
    "2": 8.857142857142858,
    "3": 1.150943396226415,
    "4": 2.4918032786885247,
    "5": 0.47619047619047616,
    "6": 1.4197530864197532,
    "7": 2.1333333333333333,
    "8": 3.328358208955224,
    "9": 9.5,
    "CER medio": 2.3955637707948245
}