{
    "1": 0.36764705882352944,
    "2": 1.65625,
    "3": 1.3928571428571428,
    "4": 0.8852459016393442,
    "5": 2.32967032967033,
    "CER medio": 1.3720238095238095
}