{
    "1": 0.046511627906976744,
    "2": 0.07142857142857142,
    "3": 0.1509433962264151,
    "4": 0.19672131147540983,
    "5": 0.2,
    "6": 0.2222222222222222,
    "7": 0.30666666666666664,
    "8": 0.23880597014925373,
    "9": 0.40476190476190477,
    "CER medio": 0.21811460258780038
}