{
    "1": 0.6388888888888888,
    "2": 1.1219512195121952,
    "3": 4.075,
    "4": 0.2,
    "5": 2.3684210526315788,
    "6": 1.55,
    "7": 2.7142857142857144,
    "8": 0.16842105263157894,
    "CER medio": 1.1709758684699019
}