{
    "1": 0.26153846153846155,
    "2": 0.4146341463414634,
    "3": 0.14285714285714285,
    "4": 0.53125,
    "5": 1.368421052631579,
    "CER medio": 0.5742892028606315
}