{
    "1": 0.09302325581395349,
    "2": 17.428571428571427,
    "3": 1.9811320754716981,
    "4": 1.5901639344262295,
    "5": 0.6571428571428571,
    "6": 0.5061728395061729,
    "7": 2.0,
    "8": 1.2537313432835822,
    "9": 8.880952380952381,
    "CER medio": 2.157116451016636
}