{
    "1": 0.8333333333333334,
    "2": 0.8292682926829268,
    "3": 3.925,
    "4": 0.1523809523809524,
    "5": 2.263157894736842,
    "6": 1.4,
    "7": 2.6666666666666665,
    "8": 0.3473684210526316,
    "CER medio": 1.1499602227525856
}