{
    "1": 0.4418604651162791,
    "2": 2.5714285714285716,
    "3": 2.5283018867924527,
    "4": 1.5245901639344261,
    "5": 0.6952380952380952,
    "6": 0.9876543209876543,
    "7": 0.84,
    "8": 0.8059701492537313,
    "9": 6.333333333333333,
    "CER medio": 1.512014787430684
}