{
    "1": 0.046511627906976744,
    "2": 0.07142857142857142,
    "3": 0.22641509433962265,
    "4": 0.18032786885245902,
    "5": 0.17142857142857143,
    "6": 0.35802469135802467,
    "7": 0.30666666666666664,
    "8": 0.23880597014925373,
    "9": 0.40476190476190477,
    "CER medio": 0.23844731977818853
}