{
    "1": 0.2846153846153846,
    "2": 0.7479674796747967,
    "3": 1.0714285714285714,
    "4": 0.453125,
    "5": 0.7894736842105263,
    "CER medio": 0.5970172684458399
}