{
    "1": 0.8888888888888888,
    "2": 4.0606060606060606,
    "3": 3.9158878504672896,
    "4": 0.8444444444444444,
    "5": 1.7,
    "CER medio": 2.1975638740344623
}