{
    "1": 2.8095238095238093,
    "2": 9.030303030303031,
    "3": 4.672897196261682,
    "4": 2.522222222222222,
    "5": 2.35,
    "CER medio": 3.724089635854342
}