{
    "1": 0.8611111111111112,
    "2": 0.9024390243902439,
    "3": 1.075,
    "4": 0.18095238095238095,
    "5": 2.3157894736842106,
    "6": 1.125,
    "7": 0.9523809523809523,
    "8": 0.3473684210526316,
    "CER medio": 0.698952532484752
}