{
    "1": 1.6046511627906976,
    "2": 41.142857142857146,
    "3": 29.71698113207547,
    "4": 5.032786885245901,
    "5": 26.62857142857143,
    "6": 10.061728395061728,
    "7": 17.573333333333334,
    "8": 5.358208955223881,
    "9": 22.023809523809526,
    "CER medio": 16.155268022181147
}