{
    "1": 0.7,
    "2": 0.8943089430894309,
    "3": 1.0,
    "4": 0.703125,
    "5": 1.7789473684210526,
    "CER medio": 1.006122448979592
}