{
    "1": 0.873015873015873,
    "2": 7.303030303030303,
    "3": 4.252336448598131,
    "4": 0.7888888888888889,
    "5": 1.7375,
    "CER medio": 2.5718529836176898
}