{
    "1": 2.873015873015873,
    "2": 10.727272727272727,
    "3": 9.018691588785046,
    "4": 2.4,
    "5": 2.2125,
    "CER medio": 5.069179186826246
}