{
    "1": 0.9705882352941176,
    "2": 4.0625,
    "3": 1.1785714285714286,
    "4": 22.065573770491802,
    "5": 2.4175824175824174,
    "CER medio": 5.538690476190476
}