{
    "1": 0.13953488372093023,
    "2": 14.357142857142858,
    "3": 2.150943396226415,
    "4": 2.180327868852459,
    "5": 0.5904761904761905,
    "6": 0.5061728395061729,
    "7": 1.8133333333333332,
    "8": 4.7164179104477615,
    "9": 6.166666666666667,
    "CER medio": 2.343807763401109
}