{
    "1": 0.3023255813953488,
    "2": 16.071428571428573,
    "3": 1.9056603773584906,
    "4": 1.8852459016393444,
    "5": 0.580952380952381,
    "6": 0.5061728395061729,
    "7": 1.7866666666666666,
    "8": 3.701492537313433,
    "9": 11.785714285714286,
    "CER medio": 2.6487985212569316
}