{
    "1": 0.0,
    "10": 0.5714285714285714,
    "11": 0.05,
    "12": 0.4068965517241379,
    "13": 0.1532567049808429,
    "2": 0.0625,
    "3": 0.5384615384615384,
    "4": 0.043478260869565216,
    "5": 0.1171875,
    "6": 0.225,
    "7": 0.4166666666666667,
    "8": 0.9782608695652174,
    "9": 0.7209302325581395,
    "CER medio": 0.3295436074042061
}