{
    "1": 0.5441176470588235,
    "2": 2.34375,
    "3": 1.1428571428571428,
    "4": 2.2459016393442623,
    "5": 2.5164835164835164,
    "CER medio": 1.7083333333333333
}