{
    "1": 0.3611111111111111,
    "2": 0.8536585365853658,
    "3": 4.95,
    "4": 0.26666666666666666,
    "5": 1.6842105263157894,
    "6": 0.925,
    "7": 2.2142857142857144,
    "8": 0.14736842105263157,
    "CER medio": 1.0748475205515777
}