{
    "1": 0.5882352941176471,
    "2": 2.53125,
    "3": 2.25,
    "4": 44.83606557377049,
    "5": 3.7362637362637363,
    "CER medio": 10.074404761904763
}