{
    "1": 0.9047619047619048,
    "2": 1.2121212121212122,
    "3": 3.467289719626168,
    "4": 0.8555555555555555,
    "5": 1.6125,
    "CER medio": 1.8045581869111282
}