{
    "1": 1.3174603174603174,
    "2": 8.696969696969697,
    "3": 4.719626168224299,
    "4": 0.8222222222222222,
    "5": 2.25,
    "CER medio": 3.0222391987097867
}