{
    "1": 0.2230769230769231,
    "2": 0.5853658536585366,
    "3": 0.07142857142857142,
    "4": 0.453125,
    "5": 1.3789473684210527,
    "CER medio": 0.596877725449154
}