{
    "1": 0.8235294117647058,
    "2": 2.15625,
    "3": 1.9285714285714286,
    "4": 36.540983606557376,
    "5": 4.395604395604396,
    "CER medio": 8.678571428571429
}