{
    "1": 0.2692307692307692,
    "2": 0.5040650406504065,
    "3": 0.07142857142857142,
    "4": 0.484375,
    "5": 1.0210526315789474,
    "CER medio": 0.5153497296354439
}