{
    "1": 2.9047619047619047,
    "2": 10.212121212121213,
    "3": 3.663551401869159,
    "4": 0.8222222222222222,
    "5": 2.75,
    "CER medio": 3.232365673542144
}