{
    "1": 0.058823529411764705,
    "2": 0.15625,
    "3": 0.21428571428571427,
    "4": 1.0,
    "5": 0.14285714285714285,
    "CER medio": 0.3005952380952381
}