{
    "1": 0.8823529411764706,
    "2": 1.0,
    "3": 0.8452380952380952,
    "4": 1.7049180327868851,
    "5": 0.978021978021978,
    "CER medio": 1.0595238095238095
}