{
    "1": 0.18604651162790697,
    "2": 10.785714285714286,
    "3": 3.7547169811320753,
    "4": 3.1475409836065573,
    "5": 0.3619047619047619,
    "6": 1.123456790123457,
    "7": 0.30666666666666664,
    "8": 0.9253731343283582,
    "9": 7.714285714285714,
    "CER medio": 2.011090573012939
}