{
    "1": 0.7777777777777778,
    "2": 0.8536585365853658,
    "3": 4.2,
    "4": 0.20952380952380953,
    "5": 3.789473684210526,
    "6": 1.725,
    "7": 2.9285714285714284,
    "8": 0.17894736842105263,
    "CER medio": 1.2763192787059134
}