{
    "1": 0.8088235294117647,
    "2": 2.65625,
    "3": 0.44047619047619047,
    "4": 0.9836065573770492,
    "5": 2.912087912087912,
    "CER medio": 1.494047619047619
}