{
    "1": 0.39705882352941174,
    "2": 3.0,
    "3": 2.0714285714285716,
    "4": 0.5245901639344263,
    "5": 3.2637362637362637,
    "CER medio": 1.8630952380952381
}