{
    "1": 0.13076923076923078,
    "2": 0.10569105691056911,
    "3": 0.14285714285714285,
    "4": 0.375,
    "5": 0.14736842105263157,
    "CER medio": 0.1635618349904064
}