{
    "1": 0.27692307692307694,
    "2": 1.2032520325203253,
    "3": 0.7857142857142857,
    "4": 0.515625,
    "5": 1.231578947368421,
    "CER medio": 0.8078841793127508
}