{
    "1": 2.0952380952380953,
    "2": 12.090909090909092,
    "3": 10.36448598130841,
    "4": 0.9222222222222223,
    "5": 4.5875,
    "CER medio": 5.593837535014005
}