{
    "1": 0.5882352941176471,
    "2": 1.3125,
    "3": 1.1428571428571428,
    "4": 2.442622950819672,
    "5": 3.1758241758241756,
    "CER medio": 1.8333333333333333
}