{
    "1": 1.5348837209302326,
    "2": 42.5,
    "3": 5.7924528301886795,
    "4": 5.983606557377049,
    "5": 16.495238095238093,
    "6": 11.716049382716049,
    "7": 4.12,
    "8": 6.432835820895522,
    "9": 20.285714285714285,
    "CER medio": 10.362292051756008
}