{
    "1": 0.2222222222222222,
    "2": 0.4634146341463415,
    "3": 0.35,
    "4": 0.1619047619047619,
    "5": 0.15789473684210525,
    "6": 0.175,
    "7": 1.0,
    "8": 0.3684210526315789,
    "CER medio": 0.3465924158048263
}