{
    "1": 0.8333333333333334,
    "2": 0.9024390243902439,
    "3": 2.375,
    "4": 0.2,
    "5": 2.4210526315789473,
    "6": 1.325,
    "7": 0.8333333333333334,
    "8": 0.6421052631578947,
    "CER medio": 0.9041368337311059
}