{
    "1": 1.0,
    "2": 0.6097560975609756,
    "3": 1.0,
    "4": 0.3333333333333333,
    "5": 0.5263157894736842,
    "6": 0.3,
    "7": 1.0,
    "8": 0.3368421052631579,
    "CER medio": 0.5560859188544153
}