{
    "1": 1.8823529411764706,
    "2": 22.21875,
    "3": 9.05952380952381,
    "4": 62.459016393442624,
    "5": 24.86813186813187,
    "CER medio": 22.836309523809526
}