{
    "1": 0.36923076923076925,
    "2": 0.9105691056910569,
    "3": 0.6428571428571429,
    "4": 0.515625,
    "5": 1.5789473684210527,
    "CER medio": 0.8194313622885051
}