{
    "1": 0.9682539682539683,
    "2": 11.606060606060606,
    "3": 8.05607476635514,
    "4": 0.7666666666666667,
    "5": 1.75,
    "CER medio": 4.053391053391054
}