{
    "1": 2.7153846153846155,
    "2": 4.642276422764228,
    "3": 4.178571428571429,
    "4": 1.953125,
    "5": 31.54736842105263,
    "CER medio": 9.44606663178092
}