{
    "1": 0.23076923076923078,
    "2": 0.5528455284552846,
    "3": 0.35714285714285715,
    "4": 0.53125,
    "5": 1.7052631578947368,
    "CER medio": 0.6898656898656899
}