{
    "1": 0.5588235294117647,
    "2": 2.5625,
    "3": 2.3214285714285716,
    "4": 2.3114754098360657,
    "5": 3.0,
    "CER medio": 2.169642857142857
}