{
    "1": 0.2692307692307692,
    "2": 0.3902439024390244,
    "3": 0.4642857142857143,
    "4": 0.296875,
    "5": 0.16842105263157894,
    "CER medio": 0.29766265480551196
}