{
    "1": 0.18604651162790697,
    "2": 17.857142857142858,
    "3": 1.9811320754716981,
    "4": 1.5737704918032787,
    "5": 0.9809523809523809,
    "6": 0.6296296296296297,
    "7": 1.8133333333333332,
    "8": 3.955223880597015,
    "9": 11.285714285714286,
    "CER medio": 2.7504621072088726
}