{
    "1": 4.694444444444445,
    "2": 4.560975609756097,
    "3": 2.125,
    "4": 0.2857142857142857,
    "5": 20.63157894736842,
    "6": 3.05,
    "7": 4.5,
    "8": 2.126315789473684,
    "CER medio": 3.295213471227791
}