{
    "1": 7.428571428571429,
    "2": 24.12121212121212,
    "3": 15.30841121495327,
    "4": 7.3,
    "5": 7.1625,
    "CER medio": 11.067990832696715
}