{
    "1": 0.18604651162790697,
    "2": 21.142857142857142,
    "3": 2.4150943396226414,
    "4": 1.7540983606557377,
    "5": 0.41904761904761906,
    "6": 0.49382716049382713,
    "7": 2.04,
    "8": 3.1641791044776117,
    "9": 8.452380952380953,
    "CER medio": 2.4824399260628467
}