{
    "1": 1.9411764705882353,
    "2": 23.1875,
    "3": 14.238095238095237,
    "4": 57.9344262295082,
    "5": 25.0,
    "CER medio": 23.449404761904763
}