{
    "1": 0.9166666666666666,
    "2": 1.146341463414634,
    "3": 9.175,
    "4": 0.1619047619047619,
    "5": 2.1052631578947367,
    "6": 2.7,
    "7": 2.5952380952380953,
    "8": 0.3263157894736842,
    "CER medio": 1.796937151949085
}