{
    "1": 3.111111111111111,
    "2": 7.0,
    "3": 3.364485981308411,
    "4": 0.8555555555555555,
    "5": 2.0375,
    "CER medio": 2.754307783719548
}