{
    "1": 0.16153846153846155,
    "2": 0.21951219512195122,
    "3": 0.32142857142857145,
    "4": 0.125,
    "5": 0.2,
    "CER medio": 0.19084249084249086
}