{
    "1": 0.046511627906976744,
    "2": 1.0,
    "3": 1.0,
    "4": 0.32786885245901637,
    "5": 0.6761904761904762,
    "6": 0.9506172839506173,
    "7": 0.09333333333333334,
    "8": 1.0,
    "9": 0.8333333333333334,
    "CER medio": 0.6395563770794824
}