{
    "1": 0.6153846153846154,
    "2": 0.43902439024390244,
    "3": 0.6071428571428571,
    "4": 0.5,
    "5": 0.4421052631578947,
    "CER medio": 0.5115995115995116
}