{
    "1": 1.0441176470588236,
    "2": 3.09375,
    "3": 2.4404761904761907,
    "4": 2.1639344262295084,
    "5": 5.78021978021978,
    "CER medio": 3.074404761904762
}