{
    "1": 1.0,
    "2": 0.6829268292682927,
    "3": 1.0,
    "4": 0.14285714285714285,
    "5": 0.15789473684210525,
    "6": 0.125,
    "7": 0.9761904761904762,
    "8": 0.3368421052631579,
    "CER medio": 0.4797136038186158
}