{
    "1": 0.0,
    "10": 0.07142857142857142,
    "11": 0.15,
    "12": 0.11724137931034483,
    "13": 0.17624521072796934,
    "2": 0.28125,
    "3": 0.21153846153846154,
    "4": 0.10869565217391304,
    "5": 0.1015625,
    "6": 0.025,
    "7": 0.0,
    "8": 0.5217391304347826,
    "9": 0.2558139534883721,
    "CER medio": 0.15542421993095498
}