{
    "1": 0.0,
    "10": 0.8571428571428571,
    "11": 0.15,
    "12": 0.05517241379310345,
    "13": 0.3371647509578544,
    "2": 0.28125,
    "3": 0.21153846153846154,
    "4": 0.10869565217391304,
    "5": 0.0859375,
    "6": 0.025,
    "7": 0.0,
    "8": 0.6521739130434783,
    "9": 0.2558139534883721,
    "CER medio": 0.23229919247215694
}