{
    "1": 0.8412698412698413,
    "2": 4.757575757575758,
    "3": 2.514018691588785,
    "4": 0.8666666666666667,
    "5": 2.4875,
    "CER medio": 2.023639758933877
}