{
    "1": 1.0,
    "2": 1.0,
    "3": 0.4392523364485981,
    "4": 1.0,
    "5": 0.05,
    "CER medio": 0.6363636363636364
}