{
    "1": 0.8333333333333334,
    "2": 1.024390243902439,
    "3": 5.15,
    "4": 0.11428571428571428,
    "5": 1.263157894736842,
    "6": 1.35,
    "7": 2.5476190476190474,
    "8": 0.4,
    "CER medio": 1.2263325377883851
}